NUTS1,dayWeekStart,heart_rate
DE1,2020-05-04,60.43199783709462
DE1,2020-05-11,60.15006864707937
DE1,2020-05-18,60.749041781371005
DE1,2020-05-25,60.399889481836894
DE1,2020-06-01,60.587276241529224
DE1,2020-06-08,60.43534472524111
DE1,2020-06-15,60.510967706511735
DE1,2020-06-22,61.16099946508778
DE1,2020-06-29,60.70462784639098
DE1,2020-07-06,60.50239601528125
DE1,2020-07-13,60.363136684362516
DE1,2020-07-20,61.81207170430615
DE1,2020-07-27,61.870233964404235
DE1,2020-08-03,60.562268998483106
DE1,2020-08-10,60.86543426962956
DE1,2020-08-17,60.44124436578441
DE1,2020-08-24,59.86679000345932
DE1,2020-08-31,60.12766407207478
DE1,2020-09-07,60.64009904530014
DE1,2020-09-14,60.81957239531167
DE1,2020-09-21,60.37690925949868
DE1,2020-09-28,60.61082366891274
DE1,2020-10-05,60.53942133072212
DE1,2020-10-12,60.460772735628886
DE1,2020-10-19,60.679839163098556
DE1,2020-10-26,60.32719768756716
DE1,2020-11-02,60.156910344904986
DE1,2020-11-09,60.17540114167904
DE1,2020-11-16,59.94999397927867
DE1,2020-11-23,60.18906557245643
DE1,2020-11-30,60.51272768226891
DE1,2020-12-07,60.77187588368998
DE1,2020-12-14,60.522672573421694
DE1,2020-12-21,60.452739801109715
DE1,2020-12-28,60.70259161498715
DE1,2021-01-04,60.06066902593036
DE1,2021-01-11,59.847617432668
DE1,2021-01-18,59.89160336406915
DE1,2021-01-25,59.919301194841154
DE1,2021-02-01,59.99685896178698
DE1,2021-02-08,59.80758247541495
DE1,2021-02-15,60.15730787010363
DE1,2021-02-22,59.8939449889181
DE1,2021-03-01,59.71931877388816
DE1,2021-03-08,59.80921713554092
DE1,2021-03-15,59.827813586842375
DE1,2021-03-22,60.152729732602616
DE1,2021-03-29,60.20077160329163
DE1,2021-04-05,60.10201818784513
DE1,2021-04-12,59.9130863583991
DE1,2021-04-19,60.33731388363521
DE1,2021-04-26,59.993334941944795
DE1,2021-05-03,60.141339519838645
DE1,2021-05-10,60.0829773621083
DE1,2021-05-17,59.94656995598199
DE1,2021-05-24,60.17277823270585
DE1,2021-05-31,60.75964409615725
DE1,2021-06-07,60.55662752705696
DE1,2021-06-14,61.313089767040594
DE1,2021-06-21,60.1420090744983
DE1,2021-06-28,59.90260158188044
DE1,2021-07-05,59.89643594865289
DE1,2021-07-12,59.953886180944494
DE1,2021-07-19,60.44831740134067
DE1,2021-07-26,60.019727206818374
DE1,2021-08-02,59.60803813266279
DE1,2021-08-09,60.508766321187395
DE1,2021-08-16,59.76736209386186
DE1,2021-08-23,59.482783365331784
DE1,2021-08-30,60.10861042202976
DE1,2021-09-06,60.42635359622174
DE1,2021-09-13,59.960166679177
DE1,2021-09-20,59.79769900403039
DE1,2021-09-27,59.87690613031278
DE1,2021-10-04,59.7867350526966
DE1,2021-10-11,60.02769146474126
DE1,2021-10-18,60.599347192205606
DE1,2021-10-25,60.88134562792045
DE1,2021-11-01,60.78549151240214
DE1,2021-11-08,60.9012518816328
DE1,2021-11-15,60.892222675552944
DE1,2021-11-22,60.97433566822646
DE1,2021-11-29,61.20195836967735
DE1,2021-12-06,61.231510793308225
DE1,2021-12-13,61.036040675827444
DE1,2021-12-20,61.25897601913837
DE1,2021-12-27,61.62883926707091
DE1,2022-01-03,60.73003657932507
DE1,2022-01-10,60.30379637356318
DE1,2022-01-17,60.22967979758341
DE1,2022-01-24,60.264704897162815
DE1,2022-01-31,60.3846428514836
DE1,2022-02-07,60.40744648561225
DE1,2022-02-14,60.46229220599029
DE1,2022-02-21,60.53759586924282
DE1,2022-02-28,60.657156601449344
DE1,2022-03-07,60.759884585538174
DE1,2022-03-14,60.441026991816614
DE1,2022-03-21,60.70926966910007
DE1,2022-03-28,60.274656485292525
DE1,2022-04-04,60.38953329060609
DE1,2022-04-11,60.66277636256372
DE1,2022-04-18,60.875811736184154
DE2,2020-05-04,60.266090005408024
DE2,2020-05-11,60.03660015446108
DE2,2020-05-18,60.49030798333993
DE2,2020-05-25,59.9798641793314
DE2,2020-06-01,60.44826459279641
DE2,2020-06-08,60.48053811441331
DE2,2020-06-15,60.11167357723183
DE2,2020-06-22,60.9017897623151
DE2,2020-06-29,60.60253232472604
DE2,2020-07-06,60.27384099747437
DE2,2020-07-13,60.161713986454686
DE2,2020-07-20,61.707582170512914
DE2,2020-07-27,61.939127677335414
DE2,2020-08-03,60.34894205251787
DE2,2020-08-10,60.640691663540224
DE2,2020-08-17,60.27918286940799
DE2,2020-08-24,59.75206998473235
DE2,2020-08-31,59.89818838842759
DE2,2020-09-07,60.37804050321795
DE2,2020-09-14,60.501860295396696
DE2,2020-09-21,60.173700928262896
DE2,2020-09-28,60.407947032609854
DE2,2020-10-05,60.30746265179691
DE2,2020-10-12,60.280316525564196
DE2,2020-10-19,60.47649802188238
DE2,2020-10-26,60.13752482136315
DE2,2020-11-02,60.024339403458995
DE2,2020-11-09,60.05125590123738
DE2,2020-11-16,59.831993949124445
DE2,2020-11-23,60.03921673609626
DE2,2020-11-30,60.419066191804234
DE2,2020-12-07,60.68584631301501
DE2,2020-12-14,60.42395100782083
DE2,2020-12-21,60.331005068680774
DE2,2020-12-28,60.607909473326465
DE2,2021-01-04,59.93403321890412
DE2,2021-01-11,59.638134963103575
DE2,2021-01-18,59.76627150258207
DE2,2021-01-25,59.73876471291817
DE2,2021-02-01,59.82367933763041
DE2,2021-02-08,59.71613001908722
DE2,2021-02-15,59.90479121440402
DE2,2021-02-22,59.653261064283825
DE2,2021-03-01,59.490540818265345
DE2,2021-03-08,59.6041109380232
DE2,2021-03-15,59.60695599073993
DE2,2021-03-22,59.9467543118739
DE2,2021-03-29,59.90845406079063
DE2,2021-04-05,59.87431144039798
DE2,2021-04-12,59.686303735611205
DE2,2021-04-19,60.04185537906213
DE2,2021-04-26,59.870657103675434
DE2,2021-05-03,59.878187465792855
DE2,2021-05-10,60.038767484241035
DE2,2021-05-17,59.69858090160199
DE2,2021-05-24,59.869409938116455
DE2,2021-05-31,60.645416280557306
DE2,2021-06-07,60.45773065628116
DE2,2021-06-14,61.14290580393007
DE2,2021-06-21,60.14004608818116
DE2,2021-06-28,59.79809441935244
DE2,2021-07-05,59.7434934362513
DE2,2021-07-12,59.79337548370845
DE2,2021-07-19,60.319493470025385
DE2,2021-07-26,59.99348304046547
DE2,2021-08-02,59.58539868288132
DE2,2021-08-09,60.41506620405078
DE2,2021-08-16,59.64598354027995
DE2,2021-08-23,59.31007734594326
DE2,2021-08-30,59.930552075221605
DE2,2021-09-06,60.28747146755729
DE2,2021-09-13,59.8412610070005
DE2,2021-09-20,59.748508714610956
DE2,2021-09-27,59.75410300817253
DE2,2021-10-04,59.54646664794748
DE2,2021-10-11,59.80343831201401
DE2,2021-10-18,60.38598101005541
DE2,2021-10-25,60.748487272764635
DE2,2021-11-01,60.753187065091865
DE2,2021-11-08,60.82056078855344
DE2,2021-11-15,60.812023854205954
DE2,2021-11-22,60.823696198085436
DE2,2021-11-29,60.9870857884786
DE2,2021-12-06,61.14086876589027
DE2,2021-12-13,60.90292559128573
DE2,2021-12-20,61.091138315157714
DE2,2021-12-27,61.43954387170008
DE2,2022-01-03,60.56885890379781
DE2,2022-01-10,60.10006012698223
DE2,2022-01-17,60.07767155529566
DE2,2022-01-24,60.10041678101578
DE2,2022-01-31,60.264558135588004
DE2,2022-02-07,60.2626515149599
DE2,2022-02-14,60.35112791229427
DE2,2022-02-21,60.391614987489845
DE2,2022-02-28,60.47994632771922
DE2,2022-03-07,60.527380369912784
DE2,2022-03-14,60.28595631616356
DE2,2022-03-21,60.52350824078482
DE2,2022-03-28,60.08187568108267
DE2,2022-04-04,60.14297097785389
DE2,2022-04-11,60.35947700244341
DE2,2022-04-18,60.52798726650961
DE3,2020-05-04,60.68988897297607
DE3,2020-05-11,60.49093661350181
DE3,2020-05-18,60.869746112484044
DE3,2020-05-25,60.75704677372478
DE3,2020-06-01,61.175813996188005
DE3,2020-06-08,61.07509907700333
DE3,2020-06-15,61.13433484969286
DE3,2020-06-22,61.245126178652484
DE3,2020-06-29,60.64577417445892
DE3,2020-07-06,60.05403474571392
DE3,2020-07-13,60.8099176292833
DE3,2020-07-20,61.559748808708456
DE3,2020-07-27,61.74964433760155
DE3,2020-08-03,61.41327458854785
DE3,2020-08-10,61.48887582764458
DE3,2020-08-17,60.93424900193968
DE3,2020-08-24,60.06871007114818
DE3,2020-08-31,60.12543425369634
DE3,2020-09-07,60.60332963146513
DE3,2020-09-14,60.937512339582284
DE3,2020-09-21,60.94037436719173
DE3,2020-09-28,61.033788825439295
DE3,2020-10-05,60.678975059581994
DE3,2020-10-12,60.59592054383839
DE3,2020-10-19,60.79081706082584
DE3,2020-10-26,60.63286458799269
DE3,2020-11-02,60.4485454864595
DE3,2020-11-09,60.346188639872594
DE3,2020-11-16,60.316080540575285
DE3,2020-11-23,60.40212867203671
DE3,2020-11-30,60.73703655551015
DE3,2020-12-07,60.96619247059373
DE3,2020-12-14,60.72740848848986
DE3,2020-12-21,60.702162979334496
DE3,2020-12-28,61.08515004433879
DE3,2021-01-04,60.376867717540584
DE3,2021-01-11,59.99061929231227
DE3,2021-01-18,60.27800714346144
DE3,2021-01-25,60.30645116841235
DE3,2021-02-01,60.2758465950226
DE3,2021-02-08,60.30697331693636
DE3,2021-02-15,60.44104046692927
DE3,2021-02-22,60.21002985076232
DE3,2021-03-01,60.027991567293626
DE3,2021-03-08,60.25977621530668
DE3,2021-03-15,60.2101018479085
DE3,2021-03-22,60.401807301792665
DE3,2021-03-29,60.34896682523451
DE3,2021-04-05,60.29036048403572
DE3,2021-04-12,60.27861733670979
DE3,2021-04-19,60.33928921784365
DE3,2021-04-26,60.23251345876346
DE3,2021-05-03,60.421625361683965
DE3,2021-05-10,60.59886023722825
DE3,2021-05-17,60.28319315772674
DE3,2021-05-24,60.271994880018475
DE3,2021-05-31,61.108701621640215
DE3,2021-06-07,61.10004040951059
DE3,2021-06-14,61.39119548699872
DE3,2021-06-21,60.59356950705193
DE3,2021-06-28,60.41754819590896
DE3,2021-07-05,60.286875037943
DE3,2021-07-12,60.67875525816024
DE3,2021-07-19,60.341606793250726
DE3,2021-07-26,60.496900869995734
DE3,2021-08-02,60.07586590504467
DE3,2021-08-09,60.49144135159707
DE3,2021-08-16,60.1259345153108
DE3,2021-08-23,59.999850996787416
DE3,2021-08-30,60.31308863812346
DE3,2021-09-06,60.74005296068454
DE3,2021-09-13,60.23484338946416
DE3,2021-09-20,60.31819269206222
DE3,2021-09-27,60.41333289474038
DE3,2021-10-04,60.35052767914154
DE3,2021-10-11,60.43413342563291
DE3,2021-10-18,61.03565141667639
DE3,2021-10-25,61.484826894174816
DE3,2021-11-01,61.33083663156795
DE3,2021-11-08,61.354963808204936
DE3,2021-11-15,61.37035940591537
DE3,2021-11-22,61.31003282860948
DE3,2021-11-29,61.510571667670774
DE3,2021-12-06,61.57350442355217
DE3,2021-12-13,61.62587062984068
DE3,2021-12-20,61.55067592256997
DE3,2021-12-27,62.14983692187083
DE3,2022-01-03,61.34832805634458
DE3,2022-01-10,60.734591382599675
DE3,2022-01-17,60.78809706706243
DE3,2022-01-24,60.767919647934804
DE3,2022-01-31,61.1050658417834
DE3,2022-02-07,60.99292875378572
DE3,2022-02-14,61.11498086944405
DE3,2022-02-21,61.12507650098919
DE3,2022-02-28,61.133382284550656
DE3,2022-03-07,61.235630481694166
DE3,2022-03-14,61.145027924261385
DE3,2022-03-21,61.161667577172956
DE3,2022-03-28,60.95012970180449
DE3,2022-04-04,61.26520822126671
DE3,2022-04-11,61.15886476722262
DE3,2022-04-18,61.66294210592397
DE4,2020-05-04,61.24135299133661
DE4,2020-05-11,61.071556083402655
DE4,2020-05-18,61.4942577045558
DE4,2020-05-25,61.39226429370714
DE4,2020-06-01,61.760691035586824
DE4,2020-06-08,61.73494693496979
DE4,2020-06-15,61.59635680980423
DE4,2020-06-22,61.79436626465275
DE4,2020-06-29,61.2341551627855
DE4,2020-07-06,60.7151881347558
DE4,2020-07-13,61.43215859480096
DE4,2020-07-20,62.171801994956404
DE4,2020-07-27,62.27624599687158
DE4,2020-08-03,61.8879638081968
DE4,2020-08-10,61.925519520910356
DE4,2020-08-17,61.35469009160066
DE4,2020-08-24,60.64632624563743
DE4,2020-08-31,60.701635235080545
DE4,2020-09-07,61.30493210368142
DE4,2020-09-14,61.53154554307982
DE4,2020-09-21,61.457325272312765
DE4,2020-09-28,61.600170576433065
DE4,2020-10-05,61.36731362367791
DE4,2020-10-12,61.29309813136873
DE4,2020-10-19,61.558896050838385
DE4,2020-10-26,61.274651444489436
DE4,2020-11-02,61.068649999491804
DE4,2020-11-09,60.969530684223585
DE4,2020-11-16,60.98567311138041
DE4,2020-11-23,61.08064696712018
DE4,2020-11-30,61.358324382392084
DE4,2020-12-07,61.68329074572214
DE4,2020-12-14,61.57209441241164
DE4,2020-12-21,61.5639576477536
DE4,2020-12-28,61.966195918688335
DE4,2021-01-04,61.2924924239218
DE4,2021-01-11,60.85076942816852
DE4,2021-01-18,61.0566969221255
DE4,2021-01-25,61.094374401496665
DE4,2021-02-01,61.203703298253345
DE4,2021-02-08,61.20499606105577
DE4,2021-02-15,61.278770601769416
DE4,2021-02-22,61.07088298594417
DE4,2021-03-01,60.84452190421941
DE4,2021-03-08,61.12775554342793
DE4,2021-03-15,61.12197432197432
DE4,2021-03-22,61.238800807914906
DE4,2021-03-29,61.31863258156886
DE4,2021-04-05,61.3171957141505
DE4,2021-04-12,61.28557875103669
DE4,2021-04-19,61.31594469668582
DE4,2021-04-26,61.34412166743967
DE4,2021-05-03,61.526457994706405
DE4,2021-05-10,61.753082569573074
DE4,2021-05-17,61.31718821228197
DE4,2021-05-24,61.28644749076997
DE4,2021-05-31,62.0694031192724
DE4,2021-06-07,61.98497681180608
DE4,2021-06-14,62.25713022609574
DE4,2021-06-21,61.48794709792038
DE4,2021-06-28,61.272638774459
DE4,2021-07-05,61.11020113670592
DE4,2021-07-12,61.4132154763129
DE4,2021-07-19,61.10058544430399
DE4,2021-07-26,61.28554299678089
DE4,2021-08-02,61.0178928854044
DE4,2021-08-09,61.43592553361136
DE4,2021-08-16,60.98523871614
DE4,2021-08-23,60.91057694499533
DE4,2021-08-30,61.21620796566553
DE4,2021-09-06,61.691042812720966
DE4,2021-09-13,61.00633751978504
DE4,2021-09-20,61.09869500905757
DE4,2021-09-27,61.17793639269049
DE4,2021-10-04,61.15396403273762
DE4,2021-10-11,61.16832520434904
DE4,2021-10-18,61.657249094303076
DE4,2021-10-25,61.727589097695066
DE4,2021-11-01,61.605121113691176
DE4,2021-11-08,61.797664122856084
DE4,2021-11-15,61.59996921420179
DE4,2021-11-22,61.7276480134682
DE4,2021-11-29,62.014938541888895
DE4,2021-12-06,62.188964872301476
DE4,2021-12-13,62.056695511400235
DE4,2021-12-20,61.998131055363885
DE4,2021-12-27,62.64851387912964
DE4,2022-01-03,61.79752336594598
DE4,2022-01-10,61.18255501123061
DE4,2022-01-17,61.28873361537493
DE4,2022-01-24,61.234533519230496
DE4,2022-01-31,61.50548712371922
DE4,2022-02-07,61.474238998673115
DE4,2022-02-14,61.54215196201091
DE4,2022-02-21,61.67640819352888
DE4,2022-02-28,61.502258412541664
DE4,2022-03-07,61.64685305569921
DE4,2022-03-14,61.565333828659156
DE4,2022-03-21,61.63650822426715
DE4,2022-03-28,61.26749331892054
DE4,2022-04-04,61.54542207286513
DE4,2022-04-11,61.663166753473114
DE4,2022-04-18,62.001940058871135
DE5,2020-05-04,60.3518544802916
DE5,2020-05-11,59.973702698638675
DE5,2020-05-18,60.56212182036514
DE5,2020-05-25,60.65028527981772
DE5,2020-06-01,60.693180042034754
DE5,2020-06-08,60.26000360804666
DE5,2020-06-15,60.82963280159637
DE5,2020-06-22,61.13906771961942
DE5,2020-06-29,59.88194962606112
DE5,2020-07-06,59.7685531193748
DE5,2020-07-13,60.7343832659761
DE5,2020-07-20,61.58204755246673
DE5,2020-07-27,61.658908799533805
DE5,2020-08-03,61.54579802227425
DE5,2020-08-10,61.54593186529233
DE5,2020-08-17,60.38949354817171
DE5,2020-08-24,59.691046018970546
DE5,2020-08-31,59.894788401683016
DE5,2020-09-07,60.38618882369821
DE5,2020-09-14,61.0684048398901
DE5,2020-09-21,60.87984338221981
DE5,2020-09-28,60.91040731920325
DE5,2020-10-05,60.71772585319801
DE5,2020-10-12,60.634866489442764
DE5,2020-10-19,60.73342539209616
DE5,2020-10-26,60.64520250127001
DE5,2020-11-02,60.441726046009755
DE5,2020-11-09,60.41140804994464
DE5,2020-11-16,60.30036811553164
DE5,2020-11-23,60.45131395962212
DE5,2020-11-30,60.61698666133314
DE5,2020-12-07,60.954343137482674
DE5,2020-12-14,60.86599633436203
DE5,2020-12-21,60.78533596654402
DE5,2020-12-28,61.314856887762225
DE5,2021-01-04,60.5076416448535
DE5,2021-01-11,60.0111251890217
DE5,2021-01-18,60.307425611754134
DE5,2021-01-25,60.20954573791059
DE5,2021-02-01,60.39131498927648
DE5,2021-02-08,60.31489273358617
DE5,2021-02-15,60.58537084489999
DE5,2021-02-22,60.23624100558859
DE5,2021-03-01,60.009039892691575
DE5,2021-03-08,60.245851592598164
DE5,2021-03-15,60.171852482870904
DE5,2021-03-22,60.19779873953174
DE5,2021-03-29,60.27145729706847
DE5,2021-04-05,60.352542691121826
DE5,2021-04-12,60.63718956482114
DE5,2021-04-19,60.595871234029126
DE5,2021-04-26,60.37786098099729
DE5,2021-05-03,60.52611507453164
DE5,2021-05-10,60.571375962000964
DE5,2021-05-17,60.335835025810276
DE5,2021-05-24,60.269475081032866
DE5,2021-05-31,60.94295943971103
DE5,2021-06-07,60.92453235496294
DE5,2021-06-14,61.24639571624304
DE5,2021-06-21,60.233610153082836
DE5,2021-06-28,60.5268086669115
DE5,2021-07-05,60.69386916502301
DE5,2021-07-12,60.86210317460317
DE5,2021-07-19,60.28723084675465
DE5,2021-07-26,60.427582244799225
DE5,2021-08-02,60.299163901656975
DE5,2021-08-09,60.91978950754461
DE5,2021-08-16,60.59327403987598
DE5,2021-08-23,60.44411669454283
DE5,2021-08-30,60.88381759483454
DE5,2021-09-06,61.13917448788693
DE5,2021-09-13,60.29401000890362
DE5,2021-09-20,60.37932461958436
DE5,2021-09-27,60.587126139582146
DE5,2021-10-04,60.538224814843794
DE5,2021-10-11,60.694221302607374
DE5,2021-10-18,61.25667276058892
DE5,2021-10-25,61.4277078325439
DE5,2021-11-01,61.50649659752155
DE5,2021-11-08,61.39534854333242
DE5,2021-11-15,61.36337939654771
DE5,2021-11-22,61.29066483933187
DE5,2021-11-29,61.581151109886115
DE5,2021-12-06,61.82218494776828
DE5,2021-12-13,61.79198468561214
DE5,2021-12-20,61.63624233045555
DE5,2021-12-27,62.225181507580615
DE5,2022-01-03,61.25562543153905
DE5,2022-01-10,60.703137301974515
DE5,2022-01-17,60.50590842490843
DE5,2022-01-24,60.684343073255036
DE5,2022-01-31,60.90736724573804
DE5,2022-02-07,60.84317008344633
DE5,2022-02-14,61.078125948125944
DE5,2022-02-21,61.02163968146204
DE5,2022-02-28,61.2709878280591
DE5,2022-03-07,61.22981837044337
DE5,2022-03-14,61.10251446470197
DE5,2022-03-21,61.06880920032716
DE5,2022-03-28,60.70089359039537
DE5,2022-04-04,61.257634838280005
DE5,2022-04-11,61.2245557216995
DE5,2022-04-18,61.65871698526193
DE6,2020-05-04,60.089473676708046
DE6,2020-05-11,59.721428720395465
DE6,2020-05-18,60.07227271124793
DE6,2020-05-25,60.19865672834203
DE6,2020-06-01,60.41526981046904
DE6,2020-06-08,60.168420378245095
DE6,2020-06-15,60.53725022695147
DE6,2020-06-22,60.830746143011424
DE6,2020-06-29,59.503201588813035
DE6,2020-07-06,59.34633520054706
DE6,2020-07-13,60.31736172027616
DE6,2020-07-20,60.8137757220114
DE6,2020-07-27,60.93326411544186
DE6,2020-08-03,60.88524282234779
DE6,2020-08-10,60.98522268826194
DE6,2020-08-17,60.02604166587652
DE6,2020-08-24,59.25195049373927
DE6,2020-08-31,59.50972684696421
DE6,2020-09-07,59.69383864828107
DE6,2020-09-14,60.15423140886546
DE6,2020-09-21,60.17343360245304
DE6,2020-09-28,60.2193058259524
DE6,2020-10-05,60.10820627380064
DE6,2020-10-12,60.05582257057166
DE6,2020-10-19,60.15129200568964
DE6,2020-10-26,59.991156072620086
DE6,2020-11-02,59.84040216418759
DE6,2020-11-09,59.60838685602848
DE6,2020-11-16,59.49291387038535
DE6,2020-11-23,59.60763553372362
DE6,2020-11-30,59.90236989303736
DE6,2020-12-07,60.157348854170365
DE6,2020-12-14,60.02510760467765
DE6,2020-12-21,59.88695349659594
DE6,2020-12-28,60.23282958301551
DE6,2021-01-04,59.57272821848558
DE6,2021-01-11,59.22183340756388
DE6,2021-01-18,59.39734662703457
DE6,2021-01-25,59.4175215026547
DE6,2021-02-01,59.31454535155063
DE6,2021-02-08,59.54197827523857
DE6,2021-02-15,59.77204658153309
DE6,2021-02-22,59.48413085601679
DE6,2021-03-01,59.21449618688128
DE6,2021-03-08,59.465492463244026
DE6,2021-03-15,59.34835556138923
DE6,2021-03-22,59.53224874884006
DE6,2021-03-29,59.45838436425453
DE6,2021-04-05,59.57977220834807
DE6,2021-04-12,59.70911711973229
DE6,2021-04-19,59.769681073850315
DE6,2021-04-26,59.57598692777657
DE6,2021-05-03,59.70997908932483
DE6,2021-05-10,59.69103281264519
DE6,2021-05-17,59.590370009682694
DE6,2021-05-24,59.64393916548441
DE6,2021-05-31,60.43531083841855
DE6,2021-06-07,60.21553107590906
DE6,2021-06-14,60.898144819307575
DE6,2021-06-21,59.52532815115736
DE6,2021-06-28,59.71153921254155
DE6,2021-07-05,59.62149150905496
DE6,2021-07-12,59.97336454220724
DE6,2021-07-19,59.37266294914269
DE6,2021-07-26,59.6275411059867
DE6,2021-08-02,59.27520839004642
DE6,2021-08-09,59.65367279853581
DE6,2021-08-16,59.228330407915365
DE6,2021-08-23,59.511306527524205
DE6,2021-08-30,59.764471337797474
DE6,2021-09-06,60.13600725943963
DE6,2021-09-13,59.50513937882076
DE6,2021-09-20,59.6002287688958
DE6,2021-09-27,59.56725390186137
DE6,2021-10-04,59.47042474888896
DE6,2021-10-11,59.63062157211435
DE6,2021-10-18,60.154756792331646
DE6,2021-10-25,60.52064602612403
DE6,2021-11-01,60.42349228281948
DE6,2021-11-08,60.49889857617131
DE6,2021-11-15,60.52717881261341
DE6,2021-11-22,60.59682108113213
DE6,2021-11-29,60.830422147478494
DE6,2021-12-06,60.90425960879501
DE6,2021-12-13,60.87719952075215
DE6,2021-12-20,60.87965159737321
DE6,2021-12-27,61.3875587900842
DE6,2022-01-03,60.41928367767498
DE6,2022-01-10,59.85951662916366
DE6,2022-01-17,59.83749120546315
DE6,2022-01-24,59.83743187946826
DE6,2022-01-31,60.02857488600592
DE6,2022-02-07,60.08582597060858
DE6,2022-02-14,60.150093746541714
DE6,2022-02-21,60.35726785886151
DE6,2022-02-28,60.31967456001547
DE6,2022-03-07,60.50091958196124
DE6,2022-03-14,60.33477235122095
DE6,2022-03-21,60.447653589258586
DE6,2022-03-28,59.95836521174272
DE6,2022-04-04,60.31765692778982
DE6,2022-04-11,60.292869795773406
DE6,2022-04-18,60.82893699467605
DE7,2020-05-04,60.5466924392404
DE7,2020-05-11,60.4757000207582
DE7,2020-05-18,60.976431068443254
DE7,2020-05-25,60.71746813816671
DE7,2020-06-01,60.75335462262507
DE7,2020-06-08,60.798424091194555
DE7,2020-06-15,60.77420310498412
DE7,2020-06-22,61.284704702954464
DE7,2020-06-29,60.681642655885085
DE7,2020-07-06,60.358622934637005
DE7,2020-07-13,60.75231888656975
DE7,2020-07-20,61.86249669047273
DE7,2020-07-27,62.02129358278471
DE7,2020-08-03,61.000057816137485
DE7,2020-08-10,61.115026067441825
DE7,2020-08-17,60.60213096940049
DE7,2020-08-24,59.92209546596858
DE7,2020-08-31,60.130400357824726
DE7,2020-09-07,60.748372344595865
DE7,2020-09-14,60.857711486466435
DE7,2020-09-21,60.5647198663907
DE7,2020-09-28,60.687802748256956
DE7,2020-10-05,60.699809975946955
DE7,2020-10-12,60.54724582756856
DE7,2020-10-19,60.76029177489907
DE7,2020-10-26,60.53917454799695
DE7,2020-11-02,60.41908172046159
DE7,2020-11-09,60.41121111285763
DE7,2020-11-16,60.26249915380681
DE7,2020-11-23,60.3991728354497
DE7,2020-11-30,60.82169559397154
DE7,2020-12-07,61.082386868501224
DE7,2020-12-14,60.8505030375795
DE7,2020-12-21,60.74724694640266
DE7,2020-12-28,60.99364098533542
DE7,2021-01-04,60.33882274460642
DE7,2021-01-11,60.055469673614475
DE7,2021-01-18,60.25175357871724
DE7,2021-01-25,60.24508340834668
DE7,2021-02-01,60.33815434690001
DE7,2021-02-08,60.319001016602044
DE7,2021-02-15,60.55519573643041
DE7,2021-02-22,60.27162642230964
DE7,2021-03-01,60.03800975801748
DE7,2021-03-08,60.16007674838425
DE7,2021-03-15,60.205801106590165
DE7,2021-03-22,60.40730987935111
DE7,2021-03-29,60.4358527891992
DE7,2021-04-05,60.28031342832412
DE7,2021-04-12,60.38153880894046
DE7,2021-04-19,60.57845360682748
DE7,2021-04-26,60.41093382968383
DE7,2021-05-03,60.44647410420802
DE7,2021-05-10,60.46120299213284
DE7,2021-05-17,60.24599314660024
DE7,2021-05-24,60.3679487559617
DE7,2021-05-31,61.094369010729245
DE7,2021-06-07,61.02346767947762
DE7,2021-06-14,61.634728086918805
DE7,2021-06-21,60.40158357685267
DE7,2021-06-28,60.311463651271275
DE7,2021-07-05,60.142965068684454
DE7,2021-07-12,60.43732617752444
DE7,2021-07-19,60.678158561206644
DE7,2021-07-26,60.49219051709502
DE7,2021-08-02,60.09691920161498
DE7,2021-08-09,60.783807256471206
DE7,2021-08-16,60.271458086382836
DE7,2021-08-23,60.020002814694806
DE7,2021-08-30,60.581162999985
DE7,2021-09-06,60.856814661624284
DE7,2021-09-13,60.30231539090377
DE7,2021-09-20,60.2558003735315
DE7,2021-09-27,60.311850846028385
DE7,2021-10-04,60.245180172007906
DE7,2021-10-11,60.49250658974032
DE7,2021-10-18,60.97573389105706
DE7,2021-10-25,61.18556815828133
DE7,2021-11-01,61.16084669447362
DE7,2021-11-08,61.1544052140663
DE7,2021-11-15,61.27770306901518
DE7,2021-11-22,61.27153149344962
DE7,2021-11-29,61.47132577743055
DE7,2021-12-06,61.59698906556742
DE7,2021-12-13,61.490002163998625
DE7,2021-12-20,61.52787511126901
DE7,2021-12-27,62.01517553316621
DE7,2022-01-03,61.220535627704564
DE7,2022-01-10,60.538643264956086
DE7,2022-01-17,60.598056573769945
DE7,2022-01-24,60.54958713127326
DE7,2022-01-31,60.76540529579781
DE7,2022-02-07,60.759502695656664
DE7,2022-02-14,60.847917679198176
DE7,2022-02-21,60.918617875631035
DE7,2022-02-28,60.930662974622436
DE7,2022-03-07,61.030956106253434
DE7,2022-03-14,60.75325910721187
DE7,2022-03-21,61.0159148061347
DE7,2022-03-28,60.55124606510931
DE7,2022-04-04,60.65323333484303
DE7,2022-04-11,61.05658951073927
DE7,2022-04-18,61.25763956807519
DE8,2020-05-04,61.11772565433983
DE8,2020-05-11,61.02426612317123
DE8,2020-05-18,61.391244337917165
DE8,2020-05-25,61.6537009337418
DE8,2020-06-01,61.83380735905041
DE8,2020-06-08,61.44860281728259
DE8,2020-06-15,61.59911072520721
DE8,2020-06-22,61.96203065587797
DE8,2020-06-29,60.98918245787512
DE8,2020-07-06,60.486348650783476
DE8,2020-07-13,61.60629630407668
DE8,2020-07-20,62.03611216599831
DE8,2020-07-27,62.088931054912265
DE8,2020-08-03,62.033070398045915
DE8,2020-08-10,61.7521992283698
DE8,2020-08-17,61.15611251823373
DE8,2020-08-24,60.35457986976679
DE8,2020-08-31,60.68389808072326
DE8,2020-09-07,60.96136143602921
DE8,2020-09-14,61.37265843576441
DE8,2020-09-21,61.24424955349711
DE8,2020-09-28,61.38439982956112
DE8,2020-10-05,61.01108212886191
DE8,2020-10-12,61.212219953559625
DE8,2020-10-19,61.149325574774004
DE8,2020-10-26,61.089015702993656
DE8,2020-11-02,60.61580827276316
DE8,2020-11-09,60.74112060993593
DE8,2020-11-16,60.53656006521336
DE8,2020-11-23,60.76651534562468
DE8,2020-11-30,61.15697406624271
DE8,2020-12-07,61.304753898531516
DE8,2020-12-14,61.20092223078699
DE8,2020-12-21,61.320173391281514
DE8,2020-12-28,61.685111680723686
DE8,2021-01-04,61.035213073293804
DE8,2021-01-11,60.568195777032635
DE8,2021-01-18,60.72674370418557
DE8,2021-01-25,60.71716186112738
DE8,2021-02-01,60.71559306834898
DE8,2021-02-08,60.805014203483594
DE8,2021-02-15,60.889909546830786
DE8,2021-02-22,60.58369224839813
DE8,2021-03-01,60.37794564306661
DE8,2021-03-08,60.77360270777609
DE8,2021-03-15,60.74128740732857
DE8,2021-03-22,60.908903322051614
DE8,2021-03-29,60.76463542220804
DE8,2021-04-05,60.77486254930509
DE8,2021-04-12,60.74160453402362
DE8,2021-04-19,60.7592082931338
DE8,2021-04-26,60.5823438864426
DE8,2021-05-03,60.76661896465904
DE8,2021-05-10,61.036426544663406
DE8,2021-05-17,60.7946225727283
DE8,2021-05-24,61.067272951833736
DE8,2021-05-31,61.48592482298205
DE8,2021-06-07,61.08012206121063
DE8,2021-06-14,61.924091295663516
DE8,2021-06-21,60.849687324275244
DE8,2021-06-28,60.917965766951944
DE8,2021-07-05,60.77997865812992
DE8,2021-07-12,61.26583140924373
DE8,2021-07-19,60.64510338951828
DE8,2021-07-26,60.78698171844105
DE8,2021-08-02,60.50766646762833
DE8,2021-08-09,60.79282033326151
DE8,2021-08-16,60.34319596165598
DE8,2021-08-23,60.5349246887899
DE8,2021-08-30,60.9236632147506
DE8,2021-09-06,61.15211701139845
DE8,2021-09-13,60.42430922986478
DE8,2021-09-20,60.57986185275526
DE8,2021-09-27,60.52551143102726
DE8,2021-10-04,60.623406785186894
DE8,2021-10-11,60.597191629955944
DE8,2021-10-18,61.13125961790735
DE8,2021-10-25,61.449164543767274
DE8,2021-11-01,61.208483620933094
DE8,2021-11-08,61.555793955570564
DE8,2021-11-15,61.45725680862447
DE8,2021-11-22,61.62389351584811
DE8,2021-11-29,61.7299602117784
DE8,2021-12-06,61.881820167154096
DE8,2021-12-13,61.59767210401539
DE8,2021-12-20,61.72820663309242
DE8,2021-12-27,62.48175437322171
DE8,2022-01-03,61.50539585832229
DE8,2022-01-10,60.99551568427832
DE8,2022-01-17,61.01090833601427
DE8,2022-01-24,60.813340462334466
DE8,2022-01-31,60.86384382499684
DE8,2022-02-07,61.16066367402612
DE8,2022-02-14,61.283776621608474
DE8,2022-02-21,61.17209709549058
DE8,2022-02-28,61.17390914862128
DE8,2022-03-07,61.16419253103889
DE8,2022-03-14,61.01650853869477
DE8,2022-03-21,61.330574572039936
DE8,2022-03-28,61.03937092093774
DE8,2022-04-04,61.042239298105635
DE8,2022-04-11,61.14417355428591
DE8,2022-04-18,61.81075879921184
DE9,2020-05-04,60.77634899637037
DE9,2020-05-11,60.4673000191422
DE9,2020-05-18,60.93386156616813
DE9,2020-05-25,60.84762905158521
DE9,2020-06-01,61.01826725226246
DE9,2020-06-08,60.935027813244496
DE9,2020-06-15,60.95481321587193
DE9,2020-06-22,61.38404118544903
DE9,2020-06-29,60.233726174274665
DE9,2020-07-06,60.02021348176336
DE9,2020-07-13,60.889175683730265
DE9,2020-07-20,61.614732661203945
DE9,2020-07-27,61.79496083782587
DE9,2020-08-03,61.53881277145715
DE9,2020-08-10,61.590907104308265
DE9,2020-08-17,60.68203579010786
DE9,2020-08-24,59.98290433423768
DE9,2020-08-31,60.2008515290335
DE9,2020-09-07,60.52532144985128
DE9,2020-09-14,60.96266787334946
DE9,2020-09-21,60.893963492153084
DE9,2020-09-28,60.92568597668972
DE9,2020-10-05,60.759906534493275
DE9,2020-10-12,60.753274379986706
DE9,2020-10-19,60.9163705391654
DE9,2020-10-26,60.779615636257056
DE9,2020-11-02,60.564124912646044
DE9,2020-11-09,60.44550743703436
DE9,2020-11-16,60.407340952397924
DE9,2020-11-23,60.594264937869845
DE9,2020-11-30,60.827840802352156
DE9,2020-12-07,61.159710742650844
DE9,2020-12-14,60.98170492726861
DE9,2020-12-21,60.9240319859635
DE9,2020-12-28,61.35162711081013
DE9,2021-01-04,60.60480935014035
DE9,2021-01-11,60.16944901631361
DE9,2021-01-18,60.38491139166689
DE9,2021-01-25,60.335089101331256
DE9,2021-02-01,60.392438777723214
DE9,2021-02-08,60.45014255522577
DE9,2021-02-15,60.55614166385613
DE9,2021-02-22,60.287659523679295
DE9,2021-03-01,60.02562303599394
DE9,2021-03-08,60.30041558489337
DE9,2021-03-15,60.31388399938261
DE9,2021-03-22,60.470119834728145
DE9,2021-03-29,60.44342744604136
DE9,2021-04-05,60.4191580750082
DE9,2021-04-12,60.563733613847596
DE9,2021-04-19,60.51752343093061
DE9,2021-04-26,60.480948764512526
DE9,2021-05-03,60.58267724880189
DE9,2021-05-10,60.74455937151947
DE9,2021-05-17,60.46428395486669
DE9,2021-05-24,60.58030117940026
DE9,2021-05-31,61.304523936945394
DE9,2021-06-07,60.95610133995921
DE9,2021-06-14,61.65289872516752
DE9,2021-06-21,60.52382423412116
DE9,2021-06-28,60.59516674402652
DE9,2021-07-05,60.62766045431238
DE9,2021-07-12,60.79176963710985
DE9,2021-07-19,60.43318077849061
DE9,2021-07-26,60.58600479022984
DE9,2021-08-02,60.26768270293621
DE9,2021-08-09,60.68695558073611
DE9,2021-08-16,60.35880470653977
DE9,2021-08-23,60.24331812637354
DE9,2021-08-30,60.57163931844225
DE9,2021-09-06,60.97990803003299
DE9,2021-09-13,60.38795816082186
DE9,2021-09-20,60.377524894086214
DE9,2021-09-27,60.41077497250225
DE9,2021-10-04,60.408116914915325
DE9,2021-10-11,60.514218266899405
DE9,2021-10-18,61.01553791390462
DE9,2021-10-25,61.30331412797738
DE9,2021-11-01,61.21566548559059
DE9,2021-11-08,61.19232254774934
DE9,2021-11-15,61.257114095705
DE9,2021-11-22,61.27273245272486
DE9,2021-11-29,61.518673541810394
DE9,2021-12-06,61.61287005998392
DE9,2021-12-13,61.524772730575826
DE9,2021-12-20,61.5632302612652
DE9,2021-12-27,62.17887154242605
DE9,2022-01-03,61.219650651478915
DE9,2022-01-10,60.626639876127534
DE9,2022-01-17,60.598946149498545
DE9,2022-01-24,60.6291068509202
DE9,2022-01-31,60.79693457158313
DE9,2022-02-07,60.783660172417555
DE9,2022-02-14,60.86757800939316
DE9,2022-02-21,61.02841594246882
DE9,2022-02-28,60.929041996715384
DE9,2022-03-07,61.081446261815714
DE9,2022-03-14,60.85974046688659
DE9,2022-03-21,61.07526780513816
DE9,2022-03-28,60.63201468485884
DE9,2022-04-04,60.93822452709944
DE9,2022-04-11,61.102029415989286
DE9,2022-04-18,61.546150531655584
DEA,2020-05-04,60.82687385757089
DEA,2020-05-11,60.60460488929715
DEA,2020-05-18,61.14849205580699
DEA,2020-05-25,61.045800347267516
DEA,2020-06-01,61.07514412560503
DEA,2020-06-08,61.041852342304054
DEA,2020-06-15,61.107876427366385
DEA,2020-06-22,61.506565188182854
DEA,2020-06-29,60.34350935116423
DEA,2020-07-06,60.20553821559926
DEA,2020-07-13,60.93541821924277
DEA,2020-07-20,61.74162623872556
DEA,2020-07-27,62.034699101036146
DEA,2020-08-03,61.56885775624656
DEA,2020-08-10,61.5800813347925
DEA,2020-08-17,60.748546591797414
DEA,2020-08-24,60.045088165160294
DEA,2020-08-31,60.206910874202066
DEA,2020-09-07,60.7611008464151
DEA,2020-09-14,61.236615378988894
DEA,2020-09-21,60.945789429695736
DEA,2020-09-28,60.88713669676104
DEA,2020-10-05,60.868321654970735
DEA,2020-10-12,60.74254191813978
DEA,2020-10-19,60.87545267777024
DEA,2020-10-26,60.78125398410189
DEA,2020-11-02,60.4946568568094
DEA,2020-11-09,60.48071706540673
DEA,2020-11-16,60.2806705590725
DEA,2020-11-23,60.508274015890045
DEA,2020-11-30,60.80450885007825
DEA,2020-12-07,61.09998729763724
DEA,2020-12-14,60.98388498820979
DEA,2020-12-21,60.84164157142391
DEA,2020-12-28,61.225453889178304
DEA,2021-01-04,60.49728305315616
DEA,2021-01-11,60.138474827315584
DEA,2021-01-18,60.361133118902266
DEA,2021-01-25,60.243365012734586
DEA,2021-02-01,60.41216154506816
DEA,2021-02-08,60.28668971288002
DEA,2021-02-15,60.53605272927784
DEA,2021-02-22,60.265548621526065
DEA,2021-03-01,59.99705386188518
DEA,2021-03-08,60.10483353299022
DEA,2021-03-15,60.204281510962595
DEA,2021-03-22,60.38420487366812
DEA,2021-03-29,60.50228511588129
DEA,2021-04-05,60.349995481311325
DEA,2021-04-12,60.46823902700527
DEA,2021-04-19,60.49383492362879
DEA,2021-04-26,60.42379172801518
DEA,2021-05-03,60.51240472247079
DEA,2021-05-10,60.65153220162382
DEA,2021-05-17,60.28742906432352
DEA,2021-05-24,60.50247032438932
DEA,2021-05-31,61.25182293722215
DEA,2021-06-07,61.04786065005538
DEA,2021-06-14,61.78317112277338
DEA,2021-06-21,60.47688670354822
DEA,2021-06-28,60.44666919095781
DEA,2021-07-05,60.41246190205717
DEA,2021-07-12,60.515461973779495
DEA,2021-07-19,60.59114687263543
DEA,2021-07-26,60.36922446542026
DEA,2021-08-02,60.14028183282712
DEA,2021-08-09,60.64405288272899
DEA,2021-08-16,60.22349939477422
DEA,2021-08-23,60.11535969179323
DEA,2021-08-30,60.5005388422907
DEA,2021-09-06,60.915292440437405
DEA,2021-09-13,60.30860141588118
DEA,2021-09-20,60.27785584137067
DEA,2021-09-27,60.2224638978195
DEA,2021-10-04,60.37362248071343
DEA,2021-10-11,60.46047377729441
DEA,2021-10-18,61.040690169931274
DEA,2021-10-25,61.41255432453622
DEA,2021-11-01,61.23879980537722
DEA,2021-11-08,61.31085082881579
DEA,2021-11-15,61.30056368471808
DEA,2021-11-22,61.40506733056674
DEA,2021-11-29,61.574989123870964
DEA,2021-12-06,61.70499568042524
DEA,2021-12-13,61.5796631841169
DEA,2021-12-20,61.641306427031566
DEA,2021-12-27,62.21290061126483
DEA,2022-01-03,61.18937695327987
DEA,2022-01-10,60.68695340733905
DEA,2022-01-17,60.61884066186851
DEA,2022-01-24,60.65644688396445
DEA,2022-01-31,60.75084159799654
DEA,2022-02-07,60.798281649660474
DEA,2022-02-14,60.879417237881626
DEA,2022-02-21,61.008834263122615
DEA,2022-02-28,61.06836727909917
DEA,2022-03-07,61.101108246888685
DEA,2022-03-14,60.76947994674883
DEA,2022-03-21,61.13214843562112
DEA,2022-03-28,60.630486504409205
DEA,2022-04-04,60.836601354207886
DEA,2022-04-11,61.18107160432522
DEA,2022-04-18,61.52103906631404
DEB,2020-05-04,61.15434659424685
DEB,2020-05-11,61.057286073962864
DEB,2020-05-18,61.53558223106926
DEB,2020-05-25,61.242121365376285
DEB,2020-06-01,61.239399417540604
DEB,2020-06-08,61.195530785469394
DEB,2020-06-15,61.24819929487761
DEB,2020-06-22,61.687708341469666
DEB,2020-06-29,61.0784014559398
DEB,2020-07-06,60.856222937525
DEB,2020-07-13,61.20732590177915
DEB,2020-07-20,62.27678959546494
DEB,2020-07-27,62.49304319415986
DEB,2020-08-03,61.49253007074042
DEB,2020-08-10,61.6619787791584
DEB,2020-08-17,61.12648120992158
DEB,2020-08-24,60.36711347850692
DEB,2020-08-31,60.62743349336783
DEB,2020-09-07,61.32507996264892
DEB,2020-09-14,61.47914675935869
DEB,2020-09-21,61.14035670821771
DEB,2020-09-28,61.19008858001809
DEB,2020-10-05,61.180670937967136
DEB,2020-10-12,61.05178431454707
DEB,2020-10-19,61.274049666250846
DEB,2020-10-26,61.03020196007335
DEB,2020-11-02,60.77476606939183
DEB,2020-11-09,60.77984978000164
DEB,2020-11-16,60.607444922650586
DEB,2020-11-23,60.77081713797137
DEB,2020-11-30,61.182103704447215
DEB,2020-12-07,61.39245028095295
DEB,2020-12-14,61.20596746899742
DEB,2020-12-21,61.10817534695787
DEB,2020-12-28,61.365591334330915
DEB,2021-01-04,60.76361744398822
DEB,2021-01-11,60.37807557127733
DEB,2021-01-18,60.574308319059696
DEB,2021-01-25,60.53726042245433
DEB,2021-02-01,60.56240969487784
DEB,2021-02-08,60.52012995021803
DEB,2021-02-15,60.82358200560724
DEB,2021-02-22,60.360081839105476
DEB,2021-03-01,60.27459530136383
DEB,2021-03-08,60.370141073154855
DEB,2021-03-15,60.42084014779214
DEB,2021-03-22,60.69465797814745
DEB,2021-03-29,60.86250194499657
DEB,2021-04-05,60.573913176135406
DEB,2021-04-12,60.5833871305212
DEB,2021-04-19,60.82500406416428
DEB,2021-04-26,60.636413139066406
DEB,2021-05-03,60.82700343371556
DEB,2021-05-10,60.88691415859517
DEB,2021-05-17,60.684639143061005
DEB,2021-05-24,60.794972184678066
DEB,2021-05-31,61.34133456517177
DEB,2021-06-07,61.317280730921446
DEB,2021-06-14,62.0307470449505
DEB,2021-06-21,60.57069228093504
DEB,2021-06-28,60.59083267371721
DEB,2021-07-05,60.592654802289935
DEB,2021-07-12,60.80171536605963
DEB,2021-07-19,61.18703994126333
DEB,2021-07-26,60.89390716640383
DEB,2021-08-02,60.61533573995575
DEB,2021-08-09,61.29454020993603
DEB,2021-08-16,60.70406161441685
DEB,2021-08-23,60.40552969384712
DEB,2021-08-30,61.10272110166793
DEB,2021-09-06,61.335119674740135
DEB,2021-09-13,60.83008681171423
DEB,2021-09-20,60.765260464583434
DEB,2021-09-27,60.79505060128418
DEB,2021-10-04,60.787104533677706
DEB,2021-10-11,60.90583432652948
DEB,2021-10-18,61.49901037424663
DEB,2021-10-25,61.79230197583309
DEB,2021-11-01,61.604670446000476
DEB,2021-11-08,61.63703922330802
DEB,2021-11-15,61.62731494149819
DEB,2021-11-22,61.77883248137559
DEB,2021-11-29,61.98778710747807
DEB,2021-12-06,62.020671632139525
DEB,2021-12-13,61.90240042944347
DEB,2021-12-20,62.038248336908346
DEB,2021-12-27,62.43436747490324
DEB,2022-01-03,61.54568178378917
DEB,2022-01-10,60.92345859716324
DEB,2022-01-17,60.92279566280814
DEB,2022-01-24,61.072010747867324
DEB,2022-01-31,61.18827884813286
DEB,2022-02-07,61.21241582904209
DEB,2022-02-14,61.31037280805245
DEB,2022-02-21,61.41367655969261
DEB,2022-02-28,61.38812938462523
DEB,2022-03-07,61.327760241805315
DEB,2022-03-14,61.072197862667
DEB,2022-03-21,61.452931776499916
DEB,2022-03-28,60.93507127759641
DEB,2022-04-04,60.98208130761817
DEB,2022-04-11,61.37144866257495
DEB,2022-04-18,61.66611703537511
DEC,2020-05-04,61.313448398344946
DEC,2020-05-11,61.12982598600047
DEC,2020-05-18,61.624577797215785
DEC,2020-05-25,61.33787595856562
DEC,2020-06-01,61.36511419096124
DEC,2020-06-08,61.28752254045509
DEC,2020-06-15,61.40354371227001
DEC,2020-06-22,61.886932271962436
DEC,2020-06-29,61.38413094184932
DEC,2020-07-06,61.113258739787796
DEC,2020-07-13,61.31094089710645
DEC,2020-07-20,62.484178757341226
DEC,2020-07-27,62.705531941542475
DEC,2020-08-03,61.69923277986894
DEC,2020-08-10,61.794918256346826
DEC,2020-08-17,61.30120574964325
DEC,2020-08-24,60.660199463179964
DEC,2020-08-31,60.72337395480809
DEC,2020-09-07,61.42824919118596
DEC,2020-09-14,61.904025464109495
DEC,2020-09-21,61.14895109604004
DEC,2020-09-28,61.11378873011616
DEC,2020-10-05,61.390513029692364
DEC,2020-10-12,61.23204567049624
DEC,2020-10-19,61.45066201442423
DEC,2020-10-26,61.34523616934511
DEC,2020-11-02,61.02571457273103
DEC,2020-11-09,60.95408851960215
DEC,2020-11-16,60.509482748719364
DEC,2020-11-23,60.9000133246001
DEC,2020-11-30,61.269464099471776
DEC,2020-12-07,61.56001569449575
DEC,2020-12-14,61.478973285035096
DEC,2020-12-21,61.222063158787726
DEC,2020-12-28,61.63405483405484
DEC,2021-01-04,60.90825896994572
DEC,2021-01-11,60.73184816455462
DEC,2021-01-18,60.70225754557173
DEC,2021-01-25,60.60887235639097
DEC,2021-02-01,60.88916542434754
DEC,2021-02-08,60.67898587823713
DEC,2021-02-15,61.034713734589054
DEC,2021-02-22,60.60659298655576
DEC,2021-03-01,60.68485712646786
DEC,2021-03-08,60.74930772962102
DEC,2021-03-15,60.75564014000184
DEC,2021-03-22,61.01138057221748
DEC,2021-03-29,61.33829651084468
DEC,2021-04-05,60.783625285409414
DEC,2021-04-12,60.96992438672439
DEC,2021-04-19,61.30548090311248
DEC,2021-04-26,60.94810245900672
DEC,2021-05-03,60.95884063390725
DEC,2021-05-10,61.03089816892666
DEC,2021-05-17,60.74694735692442
DEC,2021-05-24,60.98402784360813
DEC,2021-05-31,61.75666061766979
DEC,2021-06-07,61.56107797957893
DEC,2021-06-14,62.3282448566062
DEC,2021-06-21,60.83750684181719
DEC,2021-06-28,60.729878684807254
DEC,2021-07-05,60.793174603174606
DEC,2021-07-12,60.830625516102394
DEC,2021-07-19,61.40727642276423
DEC,2021-07-26,60.811309327943086
DEC,2021-08-02,60.668620882188726
DEC,2021-08-09,61.633474880764034
DEC,2021-08-16,60.83943452380952
DEC,2021-08-23,60.47150297619047
DEC,2021-08-30,61.17917628418147
DEC,2021-09-06,61.32049575683116
DEC,2021-09-13,60.944165283668326
DEC,2021-09-20,60.845809470033075
DEC,2021-09-27,60.7851836099744
DEC,2021-10-04,60.952936481507905
DEC,2021-10-11,61.04339310320144
DEC,2021-10-18,61.62471501123675
DEC,2021-10-25,61.887866086018086
DEC,2021-11-01,61.76247148609305
DEC,2021-11-08,61.61235578592898
DEC,2021-11-15,62.06266631017669
DEC,2021-11-22,62.068094475435075
DEC,2021-11-29,62.479665835701034
DEC,2021-12-06,62.53624603535847
DEC,2021-12-13,62.18314161204787
DEC,2021-12-20,62.349875888303835
DEC,2021-12-27,62.80158260561486
DEC,2022-01-03,61.58982032887473
DEC,2022-01-10,61.310172845262436
DEC,2022-01-17,61.25951887592313
DEC,2022-01-24,61.10598674773999
DEC,2022-01-31,61.09234332118608
DEC,2022-02-07,61.242495618302065
DEC,2022-02-14,61.37441581407099
DEC,2022-02-21,61.53034362837512
DEC,2022-02-28,61.48198725877297
DEC,2022-03-07,61.12833250729756
DEC,2022-03-14,60.89443453408031
DEC,2022-03-21,61.53511255622973
DEC,2022-03-28,60.958741198811616
DEC,2022-04-04,60.99032431562253
DEC,2022-04-11,61.32131529374732
DEC,2022-04-18,61.553288126291406
DED,2020-05-04,61.06139461168939
DED,2020-05-11,60.997794935687615
DED,2020-05-18,61.301350403169025
DED,2020-05-25,61.15077342650503
DED,2020-06-01,61.547461704528615
DED,2020-06-08,61.4968060759703
DED,2020-06-15,61.3876359298549
DED,2020-06-22,61.57511115156866
DED,2020-06-29,61.32043760948226
DED,2020-07-06,60.613239981134214
DED,2020-07-13,61.09190543616458
DED,2020-07-20,62.27939230907981
DED,2020-07-27,62.49266494232896
DED,2020-08-03,61.53855784663923
DED,2020-08-10,61.697494355719165
DED,2020-08-17,61.10759213232746
DED,2020-08-24,60.53882503706884
DED,2020-08-31,60.636546732914404
DED,2020-09-07,61.229158204112515
DED,2020-09-14,61.4439351447768
DED,2020-09-21,61.263175268913166
DED,2020-09-28,61.44258300443701
DED,2020-10-05,61.209177210732875
DED,2020-10-12,61.172086533097094
DED,2020-10-19,61.433610806341605
DED,2020-10-26,61.16646257357101
DED,2020-11-02,61.087066572211405
DED,2020-11-09,61.079969208913305
DED,2020-11-16,60.990945756741986
DED,2020-11-23,61.12164702327298
DED,2020-11-30,61.45969402506495
DED,2020-12-07,61.831110838185985
DED,2020-12-14,61.40069249955888
DED,2020-12-21,61.48450324220798
DED,2020-12-28,62.061119442140836
DED,2021-01-04,61.22415177584436
DED,2021-01-11,60.92091806528847
DED,2021-01-18,60.93189576452158
DED,2021-01-25,60.855755820270446
DED,2021-02-01,60.91470423994121
DED,2021-02-08,61.07186644107289
DED,2021-02-15,60.9892801503091
DED,2021-02-22,60.77131068259513
DED,2021-03-01,60.6335531806587
DED,2021-03-08,60.73104043558515
DED,2021-03-15,60.74742008108042
DED,2021-03-22,61.031984180085594
DED,2021-03-29,61.0578559512383
DED,2021-04-05,61.131005565418114
DED,2021-04-12,60.85374472662497
DED,2021-04-19,61.050788511625456
DED,2021-04-26,61.07666841106012
DED,2021-05-03,61.17498502835171
DED,2021-05-10,61.36961532423955
DED,2021-05-17,61.01914954406068
DED,2021-05-24,60.99387966857103
DED,2021-05-31,61.74577786300316
DED,2021-06-07,61.35475882445048
DED,2021-06-14,62.076205986778014
DED,2021-06-21,60.934968976075
DED,2021-06-28,60.868603648229985
DED,2021-07-05,60.808302457713594
DED,2021-07-12,61.11498100300464
DED,2021-07-19,60.89437864924878
DED,2021-07-26,60.93251120144644
DED,2021-08-02,60.508291845528205
DED,2021-08-09,61.07362543455308
DED,2021-08-16,60.72492404400001
DED,2021-08-23,60.4267378920199
DED,2021-08-30,60.854415953364814
DED,2021-09-06,61.380733306468876
DED,2021-09-13,60.96322231958337
DED,2021-09-20,60.845267063533704
DED,2021-09-27,60.86828129119229
DED,2021-10-04,60.560696339080614
DED,2021-10-11,60.79831113789791
DED,2021-10-18,61.37076955111881
DED,2021-10-25,61.6821376640529
DED,2021-11-01,61.69846827144899
DED,2021-11-08,61.583191485054385
DED,2021-11-15,61.74144629896302
DED,2021-11-22,61.72636495770602
DED,2021-11-29,61.9290632161552
DED,2021-12-06,62.0360462894433
DED,2021-12-13,62.09432270727801
DED,2021-12-20,62.21465978213924
DED,2021-12-27,62.79691442810013
DED,2022-01-03,61.83023854313648
DED,2022-01-10,61.24990117573615
DED,2022-01-17,61.316380672060085
DED,2022-01-24,61.25564712788593
DED,2022-01-31,61.28985761082563
DED,2022-02-07,61.29787135320702
DED,2022-02-14,61.55087707141309
DED,2022-02-21,61.45209870175565
DED,2022-02-28,61.3592083599335
DED,2022-03-07,61.32009364130077
DED,2022-03-14,61.175796840686544
DED,2022-03-21,61.42584755746675
DED,2022-03-28,60.9012052357427
DED,2022-04-04,61.18642785919522
DED,2022-04-11,61.353124839643016
DED,2022-04-18,61.65346531316933
DEE,2020-05-04,61.73820973802317
DEE,2020-05-11,61.46041712179861
DEE,2020-05-18,61.90932387255344
DEE,2020-05-25,61.74135646555792
DEE,2020-06-01,62.10421761453161
DEE,2020-06-08,62.01505594564647
DEE,2020-06-15,62.05477677097368
DEE,2020-06-22,62.267030920895486
DEE,2020-06-29,61.620338952900326
DEE,2020-07-06,61.00113165030851
DEE,2020-07-13,61.7694633762479
DEE,2020-07-20,62.49446483957354
DEE,2020-07-27,62.64391641028954
DEE,2020-08-03,62.080673137639515
DEE,2020-08-10,62.14084686658674
DEE,2020-08-17,61.77923654862509
DEE,2020-08-24,60.933734651257424
DEE,2020-08-31,61.011619039605826
DEE,2020-09-07,61.689629837031454
DEE,2020-09-14,61.915390253984484
DEE,2020-09-21,61.80863805922861
DEE,2020-09-28,62.033053433451315
DEE,2020-10-05,61.70281492106714
DEE,2020-10-12,61.62979254872113
DEE,2020-10-19,62.05373315390921
DEE,2020-10-26,61.74041518124902
DEE,2020-11-02,61.407263900121045
DEE,2020-11-09,61.39156881850544
DEE,2020-11-16,61.34040120491574
DEE,2020-11-23,61.531423397951365
DEE,2020-11-30,61.88755002367247
DEE,2020-12-07,62.120084278060794
DEE,2020-12-14,62.05135766374299
DEE,2020-12-21,61.966792106437296
DEE,2020-12-28,62.498450783483094
DEE,2021-01-04,61.76998559555257
DEE,2021-01-11,61.413148479519215
DEE,2021-01-18,61.57971324839652
DEE,2021-01-25,61.46398506904972
DEE,2021-02-01,61.40968881452044
DEE,2021-02-08,61.41493822283881
DEE,2021-02-15,61.359666924835466
DEE,2021-02-22,61.16675970651471
DEE,2021-03-01,61.16295916048501
DEE,2021-03-08,61.17600486958493
DEE,2021-03-15,61.02002489746667
DEE,2021-03-22,61.31448729736711
DEE,2021-03-29,61.51660708124913
DEE,2021-04-05,61.5639238231617
DEE,2021-04-12,61.35889544949883
DEE,2021-04-19,61.594985890757805
DEE,2021-04-26,61.373753784342014
DEE,2021-05-03,61.47919941693526
DEE,2021-05-10,61.64657709653691
DEE,2021-05-17,61.34243333156377
DEE,2021-05-24,61.36052245626714
DEE,2021-05-31,61.98884011804438
DEE,2021-06-07,61.810515251577954
DEE,2021-06-14,62.34471905853754
DEE,2021-06-21,61.567332888228414
DEE,2021-06-28,61.39612878675379
DEE,2021-07-05,61.41987296192904
DEE,2021-07-12,61.564466151987816
DEE,2021-07-19,61.34419271812798
DEE,2021-07-26,61.45975560485914
DEE,2021-08-02,61.150964238659895
DEE,2021-08-09,61.624524482589
DEE,2021-08-16,61.464877835951135
DEE,2021-08-23,61.008463743794145
DEE,2021-08-30,61.291716433346394
DEE,2021-09-06,61.95065750070128
DEE,2021-09-13,61.20911439830722
DEE,2021-09-20,61.148189721612944
DEE,2021-09-27,61.14774577018345
DEE,2021-10-04,61.10251598683802
DEE,2021-10-11,61.148437466347914
DEE,2021-10-18,61.759862688941745
DEE,2021-10-25,62.187331194058466
DEE,2021-11-01,62.048878269628716
DEE,2021-11-08,62.200347575121455
DEE,2021-11-15,62.308376548409235
DEE,2021-11-22,62.31079883658009
DEE,2021-11-29,62.45514161594499
DEE,2021-12-06,62.63442108508775
DEE,2021-12-13,62.605944961645406
DEE,2021-12-20,62.74131719474004
DEE,2021-12-27,63.386543863034696
DEE,2022-01-03,62.48838700532432
DEE,2022-01-10,61.92332741305191
DEE,2022-01-17,62.05205691134263
DEE,2022-01-24,61.88730492408873
DEE,2022-01-31,62.03331998388817
DEE,2022-02-07,62.00449014269662
DEE,2022-02-14,62.19172728080774
DEE,2022-02-21,61.95427759935989
DEE,2022-02-28,62.07842858884035
DEE,2022-03-07,62.121913259443
DEE,2022-03-14,61.972562189960435
DEE,2022-03-21,62.26151085443874
DEE,2022-03-28,61.85017007643435
DEE,2022-04-04,62.119892411870346
DEE,2022-04-11,62.243899739270915
DEE,2022-04-18,62.920697991023765
DEF,2020-05-04,61.0278250309663
DEF,2020-05-11,60.58417258383012
DEF,2020-05-18,60.91383239556047
DEF,2020-05-25,60.96367131418596
DEF,2020-06-01,61.09586044233544
DEF,2020-06-08,60.88432809727946
DEF,2020-06-15,61.45132191923993
DEF,2020-06-22,61.5747166659645
DEF,2020-06-29,60.27866980832207
DEF,2020-07-06,60.13545886776829
DEF,2020-07-13,61.059809935025896
DEF,2020-07-20,61.41993841419946
DEF,2020-07-27,61.672195153600846
DEF,2020-08-03,61.616775654098106
DEF,2020-08-10,61.715761556588895
DEF,2020-08-17,60.81323774134457
DEF,2020-08-24,59.9700362494303
DEF,2020-08-31,60.262204628226804
DEF,2020-09-07,60.43239865366075
DEF,2020-09-14,61.0414954070312
DEF,2020-09-21,61.037163804052675
DEF,2020-09-28,60.993017314520046
DEF,2020-10-05,60.799030625674334
DEF,2020-10-12,60.860177547397605
DEF,2020-10-19,60.969770496664815
DEF,2020-10-26,60.75066366143142
DEF,2020-11-02,60.552405984591985
DEF,2020-11-09,60.47467465029041
DEF,2020-11-16,60.41686409894117
DEF,2020-11-23,60.51483177745814
DEF,2020-11-30,60.77733415343305
DEF,2020-12-07,61.17012318669336
DEF,2020-12-14,61.06554359802764
DEF,2020-12-21,60.93471025077691
DEF,2020-12-28,61.37965889396881
DEF,2021-01-04,60.574846407477125
DEF,2021-01-11,60.222512126441345
DEF,2021-01-18,60.38859135032542
DEF,2021-01-25,60.30194769912054
DEF,2021-02-01,60.210829080264226
DEF,2021-02-08,60.34138387765684
DEF,2021-02-15,60.619962594111996
DEF,2021-02-22,60.262970791204275
DEF,2021-03-01,60.04987196739917
DEF,2021-03-08,60.2823271958481
DEF,2021-03-15,60.296153914635674
DEF,2021-03-22,60.40192314127619
DEF,2021-03-29,60.35935739698898
DEF,2021-04-05,60.38234191192143
DEF,2021-04-12,60.5304629161891
DEF,2021-04-19,60.51010277601187
DEF,2021-04-26,60.402309108701054
DEF,2021-05-03,60.53093894485804
DEF,2021-05-10,60.56203184746289
DEF,2021-05-17,60.53376665256163
DEF,2021-05-24,60.62034355643051
DEF,2021-05-31,61.1151605104598
DEF,2021-06-07,60.86735101270153
DEF,2021-06-14,61.513953313161565
DEF,2021-06-21,60.403330693244136
DEF,2021-06-28,60.763967449712744
DEF,2021-07-05,60.56482955574366
DEF,2021-07-12,61.00019215213972
DEF,2021-07-19,60.19682558168659
DEF,2021-07-26,60.363472037046186
DEF,2021-08-02,60.12318889542593
DEF,2021-08-09,60.36135018236505
DEF,2021-08-16,60.031594834025476
DEF,2021-08-23,60.142664719027174
DEF,2021-08-30,60.523067210927884
DEF,2021-09-06,60.67681031678803
DEF,2021-09-13,60.069648492976995
DEF,2021-09-20,60.23013125711146
DEF,2021-09-27,60.289661736610796
DEF,2021-10-04,60.1638813124932
DEF,2021-10-11,60.25648554185407
DEF,2021-10-18,60.879053125788474
DEF,2021-10-25,61.119561923641946
DEF,2021-11-01,61.07147053263809
DEF,2021-11-08,61.11210020940226
DEF,2021-11-15,61.18518898812797
DEF,2021-11-22,61.15765017132465
DEF,2021-11-29,61.48108822165916
DEF,2021-12-06,61.56336280315612
DEF,2021-12-13,61.51495233715234
DEF,2021-12-20,61.46477614359922
DEF,2021-12-27,62.13241067917763
DEF,2022-01-03,61.25915161993672
DEF,2022-01-10,60.57994546832096
DEF,2022-01-17,60.37994376111978
DEF,2022-01-24,60.433468493479054
DEF,2022-01-31,60.59978181998004
DEF,2022-02-07,60.649292915786276
DEF,2022-02-14,60.73296943601837
DEF,2022-02-21,60.92149520672349
DEF,2022-02-28,60.82364954294392
DEF,2022-03-07,60.889440837192886
DEF,2022-03-14,60.75587778275562
DEF,2022-03-21,60.900381354420134
DEF,2022-03-28,60.55456575806074
DEF,2022-04-04,60.75025890296261
DEF,2022-04-11,60.943774838604405
DEF,2022-04-18,61.3732276413202
DEG,2020-05-04,61.31065373373066
DEG,2020-05-11,61.259338525806704
DEG,2020-05-18,61.7171637870758
DEG,2020-05-25,61.32120468593972
DEG,2020-06-01,61.70949959571618
DEG,2020-06-08,61.70376754347285
DEG,2020-06-15,61.612015182762356
DEG,2020-06-22,61.85368667144618
DEG,2020-06-29,61.60845174547449
DEG,2020-07-06,61.00469623158245
DEG,2020-07-13,61.42955857243448
DEG,2020-07-20,62.60210488561525
DEG,2020-07-27,62.68822827855859
DEG,2020-08-03,61.740924607338314
DEG,2020-08-10,61.693134539635196
DEG,2020-08-17,61.234382059851434
DEG,2020-08-24,60.71848427127439
DEG,2020-08-31,60.78686356547261
DEG,2020-09-07,61.40249011629003
DEG,2020-09-14,61.496509678306765
DEG,2020-09-21,61.46438248749846
DEG,2020-09-28,61.60205090242265
DEG,2020-10-05,61.3726609936153
DEG,2020-10-12,61.320760879448564
DEG,2020-10-19,61.42502369960975
DEG,2020-10-26,61.24664882934114
DEG,2020-11-02,61.1972725849871
DEG,2020-11-09,61.08821942241528
DEG,2020-11-16,60.969870972704214
DEG,2020-11-23,61.20531099005723
DEG,2020-11-30,61.61804730554731
DEG,2020-12-07,61.93249716480702
DEG,2020-12-14,61.64418363109803
DEG,2020-12-21,61.68942852259904
DEG,2020-12-28,62.091891824650446
DEG,2021-01-04,61.30057179943478
DEG,2021-01-11,60.98955386506258
DEG,2021-01-18,61.052180160293034
DEG,2021-01-25,60.94597879785491
DEG,2021-02-01,61.1559697454907
DEG,2021-02-08,61.107194985637015
DEG,2021-02-15,61.21956140171715
DEG,2021-02-22,60.819947471125715
DEG,2021-03-01,60.61552924880131
DEG,2021-03-08,60.85517706456571
DEG,2021-03-15,60.85809259833881
DEG,2021-03-22,60.90361628264345
DEG,2021-03-29,61.16192428744175
DEG,2021-04-05,61.14969566266706
DEG,2021-04-12,60.97831494630315
DEG,2021-04-19,61.23809895510486
DEG,2021-04-26,61.321189585326486
DEG,2021-05-03,61.278301590559764
DEG,2021-05-10,61.54913452872497
DEG,2021-05-17,61.29611602753195
DEG,2021-05-24,61.295256838313335
DEG,2021-05-31,61.82653373562464
DEG,2021-06-07,61.42690607662558
DEG,2021-06-14,62.17657192092449
DEG,2021-06-21,61.13247982288067
DEG,2021-06-28,61.193645077973436
DEG,2021-07-05,61.13965138638666
DEG,2021-07-12,61.355222658960976
DEG,2021-07-19,61.336021914593346
DEG,2021-07-26,61.10916594516595
DEG,2021-08-02,60.789775258854206
DEG,2021-08-09,61.310857208544434
DEG,2021-08-16,60.87335326727623
DEG,2021-08-23,60.556138641232984
DEG,2021-08-30,61.04218452843453
DEG,2021-09-06,61.47052816464581
DEG,2021-09-13,61.04037486944114
DEG,2021-09-20,61.12932955253016
DEG,2021-09-27,61.068762352239254
DEG,2021-10-04,61.088379511718244
DEG,2021-10-11,61.10804302051154
DEG,2021-10-18,61.56121440946551
DEG,2021-10-25,61.94604563686261
DEG,2021-11-01,61.94354661564186
DEG,2021-11-08,61.77616365587703
DEG,2021-11-15,61.95024289456982
DEG,2021-11-22,61.93073875883187
DEG,2021-11-29,62.2061750386476
DEG,2021-12-06,62.29730800176473
DEG,2021-12-13,62.13875175346049
DEG,2021-12-20,62.194531053645804
DEG,2021-12-27,62.981185163783195
DEG,2022-01-03,61.97105618270265
DEG,2022-01-10,61.220646657590564
DEG,2022-01-17,61.265071182378875
DEG,2022-01-24,61.42807602389564
DEG,2022-01-31,61.67715711725176
DEG,2022-02-07,61.51920173717355
DEG,2022-02-14,61.67592577964671
DEG,2022-02-21,61.73379961547185
DEG,2022-02-28,61.57757800555179
DEG,2022-03-07,61.79274155885267
DEG,2022-03-14,61.46463726381927
DEG,2022-03-21,61.725176033918366
DEG,2022-03-28,61.33563289011696
DEG,2022-04-04,61.38187483575478
DEG,2022-04-11,61.63705876088363
DEG,2022-04-18,61.85008194859337
